{
  "run_label": "carbon_metrics_last_run",
  "tests": 3,
  "duration_s_total": 2.1443611000000002,
  "cpu_s_total": 0.046875,
  "total_joules": 1.4252802501915436,
  "total_kwh": 3.959111806087621E-07,
  "total_co2e_g": 0.00015836447224350483,
  "avg_co2e_g_per_test": 5.278815741450161E-05,
  "avg_joules_per_test": 0.47509341673051453,
  "grid_intensity_g_per_kwh": 400,
  "avg_cpu_watts": 30,
  "mem_watts_per_gb": 0.372,
  "generated_utc": "2025-09-09T08:01:00.3739773+00:00",
  "meta": {}
}